CRIM,ZN,INDUS,CHAS,NOX,RM,AGE,DIS,RAD,TAX,PTRATIO,B,LSTAT,MEDV
33.715,91.09,28.35,0,0.771,6.04,79.52,3.24,11,545,12.01,129.84,28.82,42.27
85.565,82.25,1.66,1,0.835,6.8,85.52,1.74,12,486,23.74,269.1,22.77,38.84
65.882,94.98,21.31,0,0.873,3.43,24.96,10.65,12,748,12.32,134.91,8.87,37.71
53.883,72.57,27.79,0,0.772,4.53,96.1,5.28,7,291,14.72,71.84,4.59,45.68
14.05,61.34,5.83,0,0.489,5.17,20.5,6.96,13,466,17.41,112.54,3.38,54.31
14.048,41.82,17.25,1,0.713,5.83,95.19,11.65,8,707,16.64,183.03,22.93,52.79
5.237,93.27,27.51,0,0.563,3.27,99.49,1.73,22,676,23.85,190.15,31.53,41.18
77.957,86.61,1.5,0,0.453,3.84,71.46,8.13,9,705,12.52,313.2,32.76,31.73
54.104,4.52,21.07,1,0.805,4.66,98.13,1.82,7,550,18.66,300.06,18.15,41.59
63.729,2.64,9.27,0,0.323,8.83,57.38,5.13,21,459,20.85,182.73,30.02,48.82
1.862,37.65,27.77,1,0.841,4.99,26.69,9.84,24,644,24.11,338.27,36.03,47.4
87.292,81.06,29.15,1,0.577,5.89,44.26,5.77,15,705,20.06,45.69,11.18,42.6
74.922,98.73,28.36,0,0.682,4.18,59.76,11.97,2,258,22.45,102.14,15.72,39.99
19.118,15.04,14.49,1,0.696,6.66,8.24,7.15,23,521,13.09,331.19,35.46,48.4
16.372,59.41,25.93,1,0.837,4.68,62.61,4.53,20,355,17.02,151.2,13.51,48.25
16.515,38.09,25.41,0,0.682,4.24,98.14,3.42,12,192,16.86,392.47,34.81,44.57
27.389,96.99,9.91,1,0.668,6.1,19.82,4.86,1,394,23.52,186.5,37.3,44.68
47.233,84.21,24.95,1,0.34,3.03,79.47,5.1,23,436,13.97,316.77,25.49,41.31
38.881,83.83,1.59,0,0.611,3.05,90.88,1.76,22,504,13.97,160.92,31.22,36.22
26.218,46.87,18.09,0,0.39,4.31,94.43,5.07,8,625,16.27,169.98,28.73,43.25
55.071,41.48,7.29,0,0.742,3.22,96.05,6.11,5,232,12.71,153.15,26.88,35.55
12.563,27.34,4.06,1,0.607,3.65,52.62,8.95,15,259,14.37,287.63,12.36,46.39
26.3,5.64,2.77,0,0.708,5.03,97.75,8.22,1,339,24.55,219.01,3.11,51.91
32.979,86.47,21.04,1,0.325,7.82,75.97,8.8,1,400,17.57,377.51,13.69,56.56
41.052,81.29,10.53,1,0.351,6.43,17.01,1.09,10,440,20.22,100.36,25.68,48.85
70.668,99.97,21.88,1,0.73,6.08,48.21,3.39,22,350,21.44,40.23,4.79,43.99
17.979,99.66,2.43,1,0.343,4.76,72.11,8.28,10,475,16.77,157.3,1.44,54.4
46.286,55.54,9.8,1,0.343,8.59,25.49,6.32,21,660,13.91,246.69,6.17,60.97
53.321,76.9,16.41,1,0.307,5.38,64.42,1.06,15,558,14.69,344.32,27.48,42.98
4.19,94.48,23.83,1,0.874,3.52,66.99,9.85,17,657,16.07,138.48,36.99,44.22
54.683,84.96,9.9,0,0.743,6.7,17.11,9.5,22,221,20.27,261.51,37.37,39.8
15.355,24.73,18.96,0,0.512,3.68,56.94,7.03,6,396,17.18,140.08,19.28,47.68
5.864,45.05,26.64,1,0.478,5.07,77.39,1.73,3,736,12.09,246.89,33.17,49.59
85.4,12.92,18.67,1,0.51,6.04,50.39,9.43,13,715,18.8,353.92,28.26,40.49
86.907,95.41,7.37,0,0.765,8.25,2.2,7.42,16,493,23.98,92.54,19.54,43.12
72.758,60.62,1.22,1,0.697,5.96,1.89,9.6,8,203,22.56,161.7,22.19,39.87
27.422,22.86,26.17,0,0.411,7.21,36.35,9.27,15,677,22.73,397.31,6.08,60.86
8.8,67.17,1.13,0,0.404,8.96,92.69,9.83,17,681,22.34,347.42,35.69,57.15
61.584,61.81,26.3,0,0.359,3.79,23.64,6.7,17,707,16.21,225.86,14.02,41.73
39.619,35.82,16.1,1,0.696,4.65,63.8,2.54,22,342,21.95,206.65,17.51,46.99
10.992,11.36,28.2,1,0.759,5.37,22.99,8.38,13,207,13.86,113.84,25.85,48.52
44.571,67.16,24.06,0,0.459,5.53,32.85,7.83,17,586,20.55,206.88,13.35,49.29
3.105,52.03,29.94,0,0.313,5.47,84.96,9.16,6,260,20.34,339.27,10.41,61.86
81.84,77.23,10.85,0,0.349,8.45,73.16,2.87,17,278,12.33,274.07,24.35,47.55
23.298,52.02,23.13,0,0.881,7.28,10.44,3.14,16,475,22.24,116.02,1.92,59.13
59.63,85.22,12.36,0,0.477,6.65,43.44,10.79,14,157,23.74,80.59,27.67,43.56
28.061,55.19,14.66,1,0.762,4.86,3.89,9.25,13,178,15.48,106.08,20.02,45.51
46.811,56.09,19.01,0,0.675,7.94,48.61,10.99,6,261,22.56,67.9,23.41,48.11
49.208,87.67,26.27,1,0.529,8.73,66.58,9.35,3,280,13.07,38.26,24.38,55.04
16.645,40.35,29.53,0,0.423,7.93,12.73,7.57,14,337,19.8,167.65,20.5,60.86
87.263,13.4,23.16,1,0.373,3.01,29.6,8.2,14,624,18.31,45.32,22.55,30.13
69.764,2.88,12.82,1,0.669,6.82,40.39,10.78,15,513,19.1,68.77,26.3,42.54
84.556,75.51,12.93,1,0.765,3.31,92.03,7.37,8,353,24.04,218.93,28.87,29.1
80.536,62.03,22.26,1,0.686,4.55,99.33,7.96,15,361,23.33,65.84,27.92,35.83
53.815,70.41,7.54,1,0.618,3.36,5.45,2.72,22,425,22.21,25.55,33.18,35.36
82.969,21.3,3.76,1,0.325,6.62,76.34,6.21,13,222,15.56,126.96,8.01,45.88
7.973,13.64,10.96,0,0.881,7.12,37.8,8.88,17,392,23.85,88.13,15.84,55.97
17.646,1.45,8.97,1,0.779,3.69,39.85,3.98,21,251,13.27,206.12,36.07,41.66
4.08,35.06,9.24,0,0.476,5.3,75.67,3.22,24,320,23.09,40.95,15.67,54.66
29.286,58.99,7.39,1,0.888,5.74,91.92,4.45,3,337,16.27,300.71,5.62,52.81
34.987,39.22,1.74,1,0.661,5.21,95.14,3.66,6,590,12.7,362.49,20.44,46.44
24.429,43.75,1.03,0,0.649,3.73,58.14,3.36,5,235,20.7,297.37,5.05,48.93
74.588,90.42,29.64,1,0.749,5.51,36.35,5.67,22,625,15.01,213.13,8.51,40.61
32.114,34.83,13.12,0,0.787,7.51,78.97,10.99,17,201,15.17,344.27,37.94,48.06
25.291,51.4,11.84,0,0.694,3.43,25.85,6.58,23,260,15.98,277.97,21.03,43.82
48.847,78.37,20.55,0,0.377,3.48,56.84,3.07,2,192,12.83,4.22,11.51,47.17
12.692,39.65,6.94,0,0.503,5.13,36.5,1.85,15,360,14.3,157.64,37.81,44.36
72.2,62.21,28.52,1,0.857,8.65,66.01,8.66,5,349,12.07,340.38,36.76,43.12
6.719,86.24,23.7,1,0.435,7.01,24.8,5.21,20,175,17.79,138.34,17.31,58.65
88.82,94.95,3.14,0,0.523,7.07,19.97,10.04,6,448,13.1,14.09,10.63,48.31
69.504,14.71,12.82,1,0.559,5.17,91.91,8.25,6,226,20.87,298.47,32.02,37.72
17.892,92.66,26.43,1,0.564,6.56,11.08,9.76,18,286,15.06,320.82,27.48,52.41
0.507,49.21,28.37,0,0.668,3.06,51.09,3.99,18,169,24.27,64.24,26.42,46.12
73.393,25.82,14.29,1,0.866,6.82,22.86,8.62,4,589,23.33,214.94,34.05,36.42
63.62,45.91,18.6,0,0.444,8.48,4.85,3.9,17,360,15.76,76.78,26.51,48.93
65.613,98.0,5.43,0,0.373,6.68,4.57,11.33,14,700,22.18,287.69,11.5,45.5
69.417,49.26,29.74,1,0.418,8.24,18.35,8.0,14,584,22.44,108.62,26.67,43.95
6.673,32.88,7.33,1,0.832,7.34,86.81,4.57,13,356,24.83,126.49,12.32,61.18
32.268,63.34,28.31,1,0.687,3.72,28.97,3.96,7,588,19.77,337.99,29.09,37.16
10.437,24.01,19.66,0,0.472,8.41,95.1,3.1,12,191,13.07,190.53,23.93,58.76
77.681,7.59,18.43,0,0.79,3.4,58.58,8.64,23,560,20.41,267.9,3.86,35.76
56.101,12.89,15.62,1,0.817,6.2,44.22,3.41,15,672,20.12,160.95,19.97,43.4
29.788,12.8,7.3,1,0.808,3.85,58.43,7.55,19,576,20.3,119.2,13.7,45.89
5.73,15.19,5.71,1,0.851,3.07,52.15,3.91,11,424,15.99,250.19,13.16,50.3
27.995,13.88,7.0,1,0.451,5.53,76.12,8.28,15,597,23.18,61.94,23.28,51.42
29.273,64.09,6.0,0,0.753,4.77,28.97,9.96,12,518,24.47,149.2,12.93,46.59
65.667,18.19,23.5,1,0.576,5.92,35.95,9.56,3,369,14.83,83.61,29.75,38.93
57.384,34.57,10.83,0,0.805,6.46,89.52,9.37,17,726,13.15,278.32,3.62,57.67
79.85,89.68,2.21,0,0.737,3.26,94.7,3.06,3,381,14.53,377.68,25.43,30.37
42.505,47.4,29.09,1,0.766,3.74,89.36,1.97,19,477,22.67,398.2,30.94,35.97
10.772,66.76,26.57,1,0.694,6.35,42.53,8.69,20,592,20.8,180.11,25.89,51.05
64.195,17.23,27.87,1,0.406,5.06,78.26,5.05,4,201,20.27,101.01,19.4,41.47
68.473,19.23,29.85,0,0.627,7.38,48.16,5.76,3,525,17.22,177.13,36.16,39.99
50.519,4.09,5.63,1,0.891,6.91,50.26,1.34,16,412,19.51,338.91,12.1,48.62
69.389,16.89,12.19,1,0.862,8.07,21.26,3.86,12,416,16.0,82.4,1.71,51.43
44.447,27.86,22.87,0,0.326,7.15,59.52,1.37,8,508,18.2,380.84,16.98,52.2
47.051,17.7,21.03,1,0.399,5.58,19.43,10.67,24,466,22.31,136.75,2.22,49.97
38.484,8.87,5.04,0,0.379,7.04,33.82,3.68,17,473,24.76,394.32,36.3,47.86
2.297,12.06,24.57,1,0.736,4.65,85.65,7.13,7,712,24.12,335.44,8.77,55.1
9.719,46.08,7.12,0,0.791,4.84,21.5,1.43,11,570,24.14,323.43,30.19,48.14
2.838,20.63,7.1,1,0.428,7.73,8.04,8.34,18,195,17.23,127.16,29.66,54.29
57.281,36.43,16.34,1,0.604,5.68,7.83,4.55,1,749,18.09,3.51,9.06,47.32
28.299,50.34,17.99,0,0.804,7.79,94.14,10.88,3,418,21.17,152.85,23.99,48.63
45.776,69.04,17.61,0,0.74,7.93,51.19,10.77,4,530,23.99,120.72,2.78,55.78
81.682,3.93,3.2,1,0.625,8.15,41.53,4.58,13,267,13.85,14.96,18.89,46.56
22.444,79.94,26.39,0,0.654,8.5,81.28,10.91,6,715,15.96,202.15,1.54,65.12
36.94,62.79,8.34,0,0.605,5.59,83.75,11.96,14,265,13.81,161.21,35.08,43.71
68.002,8.18,4.32,0,0.479,4.91,33.89,10.08,5,409,19.96,253.82,37.12,36.49
20.6,87.36,26.72,0,0.639,6.49,69.67,10.29,16,224,15.98,248.47,9.22,55.55
6.937,92.09,28.69,1,0.713,5.23,77.34,3.74,15,629,16.24,48.3,8.7,54.49
26.085,6.11,25.93,1,0.824,6.61,65.81,7.34,15,454,12.92,390.79,28.89,53.91
14.518,27.69,24.38,0,0.682,7.23,16.01,1.74,4,156,16.55,74.77,10.38,60.3
83.673,80.62,19.83,0,0.757,7.13,87.71,2.04,8,515,23.21,178.11,34.12,34.72
72.733,74.83,16.75,0,0.396,5.25,54.37,11.99,16,672,15.03,195.25,22.24,36.46
57.01,18.45,3.07,0,0.577,4.0,28.96,4.59,16,497,21.04,325.23,13.98,40.59
78.433,20.93,12.55,1,0.306,5.58,43.1,9.23,4,587,20.19,39.69,31.81,39.57
72.332,37.05,11.49,1,0.448,3.86,4.72,9.87,13,364,23.23,171.46,19.26,37.26
16.799,48.45,8.16,0,0.736,8.34,13.66,10.44,13,578,13.72,251.4,34.73,48.94
80.331,61.83,21.84,0,0.895,5.08,76.79,11.97,2,647,24.71,86.06,35.34,31.2
48.545,36.89,15.13,0,0.36,3.93,1.0,3.66,3,689,19.57,250.99,7.12,46.18
72.672,46.25,2.89,1,0.541,3.15,42.24,1.44,22,516,24.94,369.47,1.09,35.48
80.649,74.75,7.0,0,0.78,6.87,52.73,5.52,8,462,23.85,399.01,37.41,35.97
28.627,3.67,20.66,1,0.422,6.82,6.41,2.43,24,687,14.88,12.98,34.53,46.83
9.914,25.24,2.75,0,0.633,5.04,97.33,1.25,15,203,12.73,94.24,3.05,52.87
20.522,71.33,25.61,1,0.74,3.43,23.39,4.96,11,690,15.32,124.12,31.82,44.43
38.445,89.52,15.11,0,0.67,5.46,31.12,9.62,9,616,18.86,159.65,17.94,45.11
73.623,51.17,14.68,1,0.413,4.87,31.09,7.23,7,313,14.23,96.9,10.58,40.88
77.467,53.21,17.98,0,0.513,7.06,23.81,4.44,13,483,14.18,81.4,33.51,38.18
0.636,10.72,24.83,0,0.77,6.63,1.15,8.2,2,696,18.01,381.82,8.28,60.12
45.972,44.74,10.76,0,0.633,5.19,73.21,3.55,8,497,12.43,367.41,36.05,43.33
37.573,53.26,20.5,1,0.303,4.31,96.72,1.16,7,422,13.58,18.8,8.61,46.77
19.997,24.25,17.19,0,0.757,8.93,23.21,9.41,24,563,17.41,135.53,23.71,56.81
10.797,26.92,8.38,1,0.321,5.72,66.64,7.86,12,649,12.82,162.06,9.25,58.0
30.392,37.73,26.42,1,0.747,7.13,74.45,9.39,19,242,17.16,95.61,21.19,49.92
84.862,2.01,24.02,0,0.421,3.84,84.99,1.43,7,228,18.16,251.55,26.31,31.98
29.095,32.21,19.92,0,0.875,5.91,42.84,10.21,10,366,17.87,256.15,8.04,53.36
46.696,21.14,25.59,0,0.521,3.17,30.99,7.81,16,507,23.3,340.2,20.27,38.39
63.275,32.75,26.09,1,0.496,6.03,33.2,7.2,3,656,18.89,296.35,18.36,43.75
32.733,11.98,21.4,0,0.389,8.78,71.55,7.87,10,708,18.08,217.03,3.63,61.51
87.461,89.05,25.19,1,0.483,5.31,81.86,10.51,6,330,17.34,261.43,31.28,33.78
86.621,59.36,21.08,1,0.826,3.23,18.98,7.46,18,725,22.63,109.6,13.42,33.08
22.668,67.91,20.56,0,0.898,3.19,37.72,7.39,18,395,23.64,237.22,22.26,43.45
44.757,78.92,18.75,0,0.521,5.33,90.29,11.9,5,393,23.09,195.69,20.05,49.63
27.086,49.84,22.71,0,0.569,3.96,80.86,9.32,21,655,20.76,53.34,19.99,40.32
25.643,8.69,5.18,0,0.733,3.14,98.5,5.87,7,571,13.79,97.02,4.97,47.23
3.329,53.71,26.49,0,0.832,7.54,75.67,8.78,2,469,15.6,116.68,16.67,56.29
54.865,58.68,26.22,0,0.656,5.75,39.93,5.28,11,236,12.6,369.72,17.74,44.03
45.246,74.54,1.36,1,0.535,4.74,59.47,3.52,13,366,24.1,92.15,28.14,43.45
4.643,43.17,24.86,1,0.548,8.4,66.44,7.57,23,639,20.59,115.7,32.08,60.1
25.085,12.76,4.3,1,0.717,3.7,8.77,11.21,5,668,21.7,147.74,21.16,46.79
81.745,28.38,10.39,0,0.302,8.74,54.91,11.22,6,427,16.05,265.5,4.21,55.2
21.568,36.31,22.43,1,0.672,4.88,71.22,4.76,24,318,22.99,47.3,9.76,51.25
13.049,64.59,5.24,1,0.513,8.33,17.56,6.8,14,479,15.37,381.58,7.1,66.32
44.056,57.08,24.63,1,0.777,6.62,78.28,3.33,12,590,12.02,346.23,5.61,55.36
88.709,35.61,25.05,1,0.356,7.96,58.79,11.95,4,540,16.89,230.89,14.54,46.29
21.793,98.65,15.47,1,0.653,8.9,95.27,11.79,23,645,19.42,269.62,9.49,64.13
60.495,60.58,0.69,0,0.589,4.73,5.2,8.14,6,530,18.22,6.66,9.08,44.14
68.548,23.72,8.97,0,0.685,8.77,27.27,9.85,10,455,23.21,135.58,3.02,56.7
21.395,10.18,18.7,1,0.339,5.34,60.55,8.87,18,662,13.37,318.26,1.65,56.56
65.542,15.29,29.44,1,0.648,5.31,30.36,7.52,15,337,19.2,30.99,4.8,44.27
33.107,24.6,19.14,1,0.637,5.04,71.73,1.59,8,665,18.67,112.93,7.37,48.34
56.911,16.07,8.16,0,0.636,6.25,76.14,6.0,9,576,15.66,234.12,16.95,45.63
57.021,18.66,19.2,0,0.662,3.92,11.15,8.42,5,651,22.69,102.57,19.89,39.29
48.224,28.51,16.43,1,0.706,6.32,51.87,8.45,10,409,21.79,373.59,6.2,48.87
8.135,17.34,23.51,0,0.783,6.25,51.38,5.1,20,662,21.53,52.42,16.72,54.57
75.179,89.68,3.66,0,0.462,7.57,37.56,11.36,6,220,23.39,318.96,13.64,46.43
28.877,8.02,22.95,1,0.795,8.0,93.36,2.84,16,627,21.4,203.18,7.79,55.76
16.795,52.45,16.47,0,0.599,5.64,82.92,6.5,24,327,15.01,300.13,1.25,59.44
3.679,41.04,28.91,0,0.346,4.81,70.02,8.6,3,606,21.17,124.29,18.28,56.5
53.184,98.24,10.59,1,0.335,4.56,71.72,8.67,10,338,16.0,205.8,26.37,43.24
60.984,11.2,19.16,0,0.501,4.17,46.71,8.14,11,440,15.15,342.73,9.37,42.74
1.503,39.79,27.99,0,0.771,3.35,92.18,4.03,11,669,12.95,186.75,5.88,52.41
46.093,96.95,3.52,1,0.725,5.05,69.76,2.72,17,441,21.67,143.89,33.82,37.51
20.392,86.55,28.15,0,0.773,4.62,73.17,8.0,4,432,21.24,214.46,11.18,51.08
58.069,81.71,20.79,0,0.61,8.8,86.31,7.59,4,693,15.05,286.95,9.27,54.89
15.701,25.79,2.5,1,0.564,6.35,28.13,2.97,17,526,21.74,177.43,32.71,55.79
62.187,17.09,9.38,1,0.388,5.08,80.9,8.76,9,305,23.93,375.55,31.23,41.13
34.812,66.86,21.39,1,0.497,6.48,20.33,6.01,19,657,13.4,117.98,17.59,52.11
84.306,92.94,2.49,0,0.56,3.84,35.19,8.35,5,562,15.02,190.19,19.1,34.13
12.386,55.68,17.67,1,0.353,5.66,34.23,10.21,22,677,21.75,302.77,9.06,59.19
30.703,57.16,10.7,0,0.432,6.76,97.87,2.87,24,504,15.57,275.65,3.9,55.6
10.221,28.0,18.82,1,0.659,5.93,85.8,1.21,6,708,20.12,345.46,22.22,55.1
83.223,76.95,1.85,0,0.741,5.41,70.42,9.57,3,336,13.06,398.72,4.64,39.61
78.962,18.7,26.21,1,0.899,8.96,72.98,7.71,22,180,17.88,170.74,17.62,45.7
23.222,32.37,29.22,1,0.86,8.28,56.65,8.7,1,409,21.61,44.46,35.8,47.34
59.402,42.54,29.08,1,0.686,6.74,94.76,10.22,20,570,20.92,12.17,36.25,41.89
73.552,50.76,22.61,1,0.553,6.42,50.13,9.83,22,678,22.6,290.75,9.86,46.12
49.973,24.24,4.34,0,0.682,6.72,38.67,11.57,16,700,23.41,349.61,24.09,45.05
47.673,11.48,22.87,1,0.771,4.21,17.14,6.9,23,453,22.05,88.29,18.54,39.72
21.774,61.06,1.23,1,0.371,5.37,78.83,6.37,11,188,20.73,63.38,33.4,49.95
8.388,28.86,1.15,0,0.546,3.24,73.71,5.42,13,638,12.41,24.88,11.04,50.11
80.75,58.12,10.05,1,0.804,5.85,39.05,2.69,10,691,18.95,329.08,1.14,42.58
81.039,15.44,14.91,0,0.53,6.26,3.49,7.3,3,427,12.49,124.55,7.01,48.53
56.983,48.11,23.23,1,0.643,4.37,84.06,4.05,9,352,22.5,160.68,13.93,40.82
30.519,53.26,20.66,1,0.653,8.78,2.13,11.13,12,215,16.17,201.1,12.68,61.05
31.435,5.18,13.65,1,0.411,8.46,70.67,7.42,23,257,19.31,335.78,30.28,51.42
65.339,33.66,8.57,0,0.517,7.33,97.06,7.52,14,417,15.63,260.33,26.18,44.11
80.741,13.44,29.92,1,0.501,6.2,44.33,4.9,1,371,22.17,246.03,12.08,44.23
79.839,6.34,13.07,1,0.316,8.22,24.26,1.57,18,679,23.52,70.27,17.94,47.5
70.191,99.0,13.82,1,0.315,3.78,70.78,1.35,17,239,17.18,205.28,4.54,42.96
57.786,32.24,5.33,0,0.799,7.74,81.9,5.66,9,404,23.22,286.15,34.23,42.45
7.582,80.99,23.95,0,0.464,3.75,55.1,1.93,9,604,15.47,389.3,35.61,41.66
14.555,25.46,20.96,1,0.611,7.77,96.74,7.68,23,402,18.95,80.56,37.25,55.22
80.871,68.15,7.01,0,0.479,4.65,6.12,10.69,10,406,23.16,3.82,33.14,32.16
54.583,76.02,2.93,1,0.864,8.26,50.97,10.71,19,532,16.24,30.12,7.44,53.76
0.838,59.56,20.57,1,0.456,8.66,72.13,8.25,15,591,24.4,150.34,2.71,69.79
9.141,47.16,19.81,1,0.558,3.89,86.4,3.32,5,748,13.58,328.22,22.45,48.99
59.719,41.18,8.56,1,0.824,5.78,18.75,10.49,15,239,12.24,2.86,34.77,36.54
0.465,34.89,28.55,1,0.805,8.89,80.2,10.75,20,539,23.75,182.69,7.56,68.16
14.481,92.95,4.96,1,0.412,5.9,55.72,3.16,23,731,12.89,131.69,1.26,60.44
49.391,83.06,13.25,1,0.782,8.18,40.26,9.11,2,193,24.89,20.99,30.8,47.82
62.274,96.5,28.34,0,0.575,6.53,14.04,4.15,13,747,24.37,180.09,3.84,50.19
58.68,12.43,12.88,0,0.59,5.25,86.66,9.83,24,168,13.78,101.9,16.31,46.91
20.192,73.09,19.34,0,0.38,4.71,16.57,11.97,16,250,18.99,140.75,26.12,46.54
64.099,93.83,12.23,0,0.348,4.22,31.67,1.33,15,506,14.4,282.25,9.76,43.89
21.36,18.12,8.59,0,0.737,7.57,29.71,10.87,10,691,17.57,208.62,4.11,58.68
29.293,6.65,29.53,0,0.598,5.32,87.27,7.85,14,182,12.8,49.86,29.49,41.73
67.187,74.11,12.58,0,0.562,6.07,67.6,11.71,10,378,14.91,384.57,24.32,37.71
58.47,57.45,26.88,1,0.738,5.95,79.87,6.12,14,673,16.72,254.36,37.57,36.19
76.432,84.18,7.28,1,0.759,6.46,25.8,10.32,23,304,17.7,306.35,13.74,41.63
59.189,13.98,6.79,1,0.395,8.19,62.86,1.69,9,572,24.71,31.69,3.29,60.02
51.152,79.53,1.42,1,0.666,8.88,57.6,4.69,14,395,22.5,18.82,28.17,51.59
8.44,20.16,19.72,0,0.381,5.45,83.45,1.74,3,554,21.59,7.78,20.3,55.52
33.101,16.37,11.37,0,0.751,7.97,90.7,11.73,20,690,18.98,75.52,8.89,55.61
23.876,16.43,26.0,1,0.694,7.59,2.2,9.99,16,310,22.92,165.76,29.92,51.88
21.967,81.46,14.46,1,0.874,6.44,67.73,10.38,2,266,16.41,374.33,8.54,59.39
87.571,66.52,29.06,0,0.341,8.74,6.13,11.32,10,420,21.22,182.82,10.64,47.01
35.385,52.31,5.97,1,0.334,4.2,55.34,1.94,3,636,24.92,116.1,4.42,51.34
80.285,35.88,26.12,1,0.469,3.66,29.48,5.24,11,321,16.09,224.77,15.78,39.24
56.806,87.72,23.41,1,0.457,8.12,31.37,1.78,11,423,20.76,44.77,16.5,53.64
71.535,39.24,23.24,1,0.448,5.63,35.94,3.32,21,408,22.98,243.8,20.04,45.12
45.242,81.66,25.42,0,0.844,8.08,62.51,3.52,21,284,23.91,227.37,27.23,49.19
51.926,43.91,22.95,1,0.45,8.36,34.07,6.16,22,571,21.33,316.8,34.53,49.11
44.332,37.69,18.97,1,0.463,3.37,73.54,3.95,13,570,15.69,394.68,6.1,45.63
17.58,46.27,4.37,0,0.756,8.3,41.05,2.11,7,335,16.24,100.35,3.01,63.62
65.023,30.14,1.46,0,0.57,5.69,7.77,2.84,23,513,12.27,203.86,1.69,46.03
25.277,74.76,27.67,1,0.766,6.06,78.59,2.62,17,527,21.89,363.55,6.31,55.96
2.198,50.27,18.69,0,0.339,6.76,29.29,11.7,2,672,12.56,314.08,25.34,57.75
58.096,23.22,24.0,1,0.593,8.56,43.84,9.35,12,729,23.24,194.96,27.92,48.57
15.948,89.96,14.7,1,0.32,3.11,68.86,11.65,10,345,13.54,378.15,30.1,47.45
84.642,38.39,3.96,0,0.338,5.86,33.91,5.84,18,247,14.23,22.89,10.02,42.49
85.854,54.36,4.19,1,0.844,7.13,6.6,4.06,22,171,18.19,372.4,12.32,45.15
82.339,90.65,20.72,1,0.384,7.34,38.02,9.78,11,599,21.59,20.2,18.88,46.91
33.321,62.42,13.19,1,0.619,7.16,94.5,4.59,16,321,13.81,218.92,3.34,58.85
1.401,11.69,6.42,1,0.547,3.81,64.53,4.29,17,532,17.72,356.18,23.61,47.5
83.549,93.98,15.0,0,0.508,4.8,67.48,3.56,19,283,18.28,105.09,37.4,32.25
38.542,62.77,2.39,0,0.84,5.15,63.6,2.43,18,575,14.76,188.9,14.35,50.58
86.999,33.49,17.67,1,0.313,7.83,20.7,3.82,3,174,13.5,129.73,28.86,38.32
86.726,13.93,8.44,0,0.698,4.67,42.42,4.91,21,652,22.87,380.86,19.5,34.61
76.772,79.4,24.03,1,0.878,4.26,75.34,8.41,16,334,18.53,329.46,5.73,41.51
26.507,62.01,9.66,1,0.636,8.74,11.04,1.69,6,234,12.19,283.6,22.54,56.38
34.665,53.35,13.93,1,0.862,3.05,28.51,3.32,12,716,22.44,235.05,12.1,44.37
76.604,89.39,0.84,1,0.331,8.99,28.36,9.9,11,293,24.75,328.24,2.27,57.64
28.53,78.86,2.64,1,0.551,7.06,43.77,2.62,15,561,19.88,156.91,24.49,52.31
15.263,15.17,12.08,0,0.456,7.97,98.06,4.77,15,373,18.55,179.02,32.78,55.78
50.117,31.17,14.66,1,0.738,4.77,7.68,10.51,16,369,23.42,292.0,13.76,44.27
84.255,24.85,18.2,0,0.889,3.09,52.35,2.7,10,328,24.38,143.1,15.44,32.39
62.646,74.39,9.1,0,0.454,7.43,18.76,1.91,12,582,21.81,25.56,33.97,47.79
51.31,3.35,21.0,1,0.693,8.0,97.1,6.33,13,414,17.79,29.73,31.1,46.82
8.755,56.99,25.87,1,0.419,7.44,12.22,4.33,4,578,19.7,46.15,27.45,55.81
55.355,76.25,23.51,1,0.639,3.86,40.96,7.2,7,565,21.11,347.87,10.21,44.4
89.105,87.68,1.67,1,0.578,7.52,74.05,9.84,22,602,14.53,188.89,34.68,36.0
12.616,34.21,14.67,1,0.883,7.61,70.75,2.51,2,346,17.81,285.15,6.71,58.84
46.654,82.13,3.6,0,0.665,6.95,42.85,7.39,15,703,22.79,157.16,24.19,46.25
78.965,11.06,7.64,1,0.51,7.6,35.31,6.56,8,202,20.51,103.48,2.07,49.52
66.672,84.65,29.61,1,0.368,8.08,40.36,2.58,7,629,17.35,138.88,24.82,47.16
62.734,12.75,4.7,0,0.391,6.68,27.16,7.86,15,592,20.62,317.67,11.25,50.22
63.227,39.73,15.22,0,0.435,3.53,21.33,4.01,23,479,13.54,250.09,17.64,38.03
32.361,79.73,18.74,1,0.451,5.93,48.82,6.37,14,400,17.22,375.06,13.77,53.45
26.43,14.99,21.22,0,0.81,3.47,27.58,1.9,8,272,22.31,271.88,7.39,48.85
72.844,22.93,17.01,1,0.637,5.45,29.46,6.06,12,536,14.87,228.07,24.01,37.36
72.912,72.23,0.79,0,0.614,5.44,66.02,4.37,13,488,14.42,244.08,33.63,37.54
78.038,72.0,10.13,0,0.369,3.4,96.89,10.05,11,497,24.36,376.95,36.49,31.97
82.193,64.11,15.77,1,0.816,5.09,60.76,1.63,17,178,14.73,315.28,8.12,36.25
46.026,69.39,3.09,0,0.734,3.67,8.62,5.6,17,184,15.39,9.62,27.54,38.62
45.141,54.27,10.84,0,0.341,7.85,8.48,6.04,24,667,24.61,213.66,25.58,50.2
71.849,25.18,1.48,0,0.725,8.69,95.19,8.98,4,545,21.55,275.34,13.7,52.23
58.5,34.57,2.82,0,0.626,3.43,30.43,7.32,21,443,21.09,299.48,1.71,42.2
63.18,18.16,12.21,0,0.349,8.73,10.11,8.34,8,738,23.09,85.26,26.52,46.81
71.623,90.85,4.42,0,0.575,6.14,60.31,9.55,5,498,13.51,346.87,35.98,37.3
80.102,58.34,17.24,1,0.591,4.8,62.74,10.48,16,296,21.18,382.34,24.39,33.91
30.426,40.09,20.84,1,0.399,3.46,65.2,4.45,4,216,18.55,94.69,17.11,47.14
33.809,46.2,24.12,0,0.867,6.0,27.47,6.92,22,669,22.78,353.05,20.43,46.16
8.467,94.73,6.4,1,0.81,7.77,2.5,10.24,15,271,18.61,38.79,8.39,61.13
52.049,15.34,5.44,1,0.701,7.24,96.54,11.88,12,489,20.06,22.28,28.77,48.65
3.244,58.62,3.58,1,0.577,3.3,25.84,10.78,5,324,18.21,51.69,28.62,48.33
41.909,50.59,19.27,0,0.547,3.44,67.93,5.09,23,746,18.22,23.1,6.38,46.52
48.843,61.15,21.34,1,0.691,5.42,70.96,3.15,16,600,21.98,338.0,33.49,40.02
25.796,1.81,1.43,0,0.627,4.77,61.39,6.38,14,706,20.17,23.62,10.96,51.11
53.179,87.21,28.12,1,0.337,4.39,31.98,9.16,10,285,20.23,108.67,37.34,38.83
2.755,93.21,2.03,0,0.608,4.69,27.84,6.42,7,165,17.85,41.5,15.17,51.61
3.371,56.51,16.47,0,0.784,7.82,60.17,6.31,13,482,18.9,118.17,7.58,64.38
74.036,69.67,21.42,1,0.576,8.58,86.74,10.22,20,344,21.69,36.22,14.01,47.36
32.424,92.25,26.19,1,0.331,5.43,94.73,4.98,5,645,22.74,267.2,17.29,51.39
11.444,70.72,21.57,0,0.772,8.44,11.48,10.46,3,158,21.06,53.33,3.56,61.67
47.007,15.25,24.15,1,0.421,4.93,16.33,5.47,15,483,24.01,340.74,22.39,48.03
69.302,57.63,10.51,1,0.455,5.86,94.53,4.61,4,482,22.66,326.88,23.11,43.11
19.432,60.67,24.54,1,0.399,4.36,73.92,5.99,15,476,19.3,5.46,28.34,43.4
56.064,42.41,2.86,0,0.498,6.84,88.42,9.39,14,164,20.73,358.29,2.08,52.77
7.69,73.64,26.9,0,0.754,8.87,21.06,2.39,20,375,24.04,11.58,21.03,59.52
4.661,93.44,16.65,1,0.612,6.62,59.17,3.16,19,574,20.05,95.86,2.96,60.39
47.827,92.56,24.61,1,0.423,5.15,70.41,11.47,13,557,22.72,12.96,26.94,43.41
48.662,45.08,13.84,1,0.827,6.89,68.33,2.93,10,262,20.95,134.34,3.06,50.58
57.372,11.32,19.49,0,0.828,3.74,41.41,7.25,21,577,19.18,205.55,34.73,34.84
65.351,98.48,16.03,0,0.822,8.33,2.52,7.37,5,150,15.14,318.66,26.98,46.96
87.827,83.89,22.08,1,0.443,6.02,58.71,6.39,23,415,17.54,135.19,19.77,40.04
46.472,12.47,2.91,1,0.571,5.7,26.06,8.09,20,640,24.58,282.2,17.34,46.86
29.073,92.08,2.28,1,0.891,6.52,45.58,3.53,20,357,20.55,75.0,5.83,55.6
71.569,86.99,7.79,1,0.763,6.75,95.8,7.08,6,518,19.34,300.24,11.77,46.8
24.382,51.88,5.21,1,0.316,3.43,40.5,5.09,4,455,24.13,94.4,33.15,43.08
39.513,59.13,26.22,1,0.339,7.1,84.14,8.28,2,161,19.62,57.42,34.46,45.19
7.07,39.9,6.97,0,0.578,4.45,19.67,2.55,22,494,18.84,74.16,1.03,54.94
2.291,5.48,29.29,1,0.846,7.28,67.57,7.28,16,614,21.87,72.83,22.98,56.08
86.639,33.52,10.44,0,0.623,7.94,97.72,3.04,18,643,21.26,205.15,27.61,38.17
75.24,80.29,5.87,1,0.599,7.82,11.09,4.07,5,517,14.51,337.92,23.89,44.79
62.641,0.46,23.8,1,0.363,6.32,1.82,3.41,22,569,18.13,31.84,4.02,53.07
36.812,33.35,19.93,0,0.694,6.12,43.92,3.01,4,320,18.14,282.78,9.06,54.25
15.605,39.82,15.2,0,0.793,3.86,10.17,10.08,13,283,16.92,261.74,10.26,50.97
14.088,53.74,16.88,0,0.528,7.65,75.09,4.14,19,576,18.72,349.01,31.77,55.59
22.529,91.99,21.72,0,0.765,4.63,91.54,11.2,23,174,17.37,97.66,18.14,52.23
49.435,34.63,7.24,1,0.879,5.98,43.97,11.67,2,679,14.59,180.04,19.01,46.65
64.316,34.7,29.89,0,0.422,4.71,26.61,7.28,13,339,17.36,370.33,35.59,37.98
59.421,73.75,29.26,1,0.614,3.8,44.01,2.57,11,290,12.94,264.0,24.57,34.3
25.201,45.22,19.68,0,0.472,6.78,72.62,5.12,22,704,19.49,155.51,34.25,51.94
85.938,22.46,6.39,1,0.776,3.33,1.9,9.78,4,464,23.1,52.56,17.89,32.69
66.413,45.24,20.57,1,0.647,7.49,59.36,5.04,22,593,21.43,104.99,6.53,50.09
49.896,14.09,2.63,1,0.681,4.91,61.72,1.96,20,468,16.69,232.49,35.41,37.61
55.059,17.64,1.4,1,0.779,3.0,64.13,7.12,20,590,13.13,287.27,17.97,36.11
37.77,49.84,8.1,1,0.538,6.07,24.96,10.3,15,241,14.63,49.77,7.72,55.13
22.303,41.89,14.15,1,0.849,3.28,71.69,9.76,4,328,19.09,239.84,12.19,45.78
32.044,91.48,26.11,0,0.62,4.66,10.05,2.93,9,205,14.69,220.14,2.88,50.25
68.209,36.24,21.95,1,0.395,7.24,20.73,8.4,7,304,19.07,205.58,18.33,45.44
1.305,58.06,22.41,0,0.718,3.38,87.87,3.43,19,260,15.01,276.05,32.57,45.17
10.455,63.23,13.05,0,0.776,8.04,74.13,3.4,19,286,23.04,334.98,35.54,52.75
4.15,1.31,10.71,1,0.49,3.02,2.36,10.61,6,381,17.16,129.2,35.51,42.44
3.675,66.35,11.45,0,0.814,4.48,25.59,3.75,6,617,15.19,355.6,5.63,51.94
76.993,17.8,29.64,1,0.844,7.45,22.23,3.9,20,630,22.56,64.25,15.14,46.38
63.332,96.11,1.68,0,0.466,4.9,27.81,1.01,15,217,16.46,69.21,2.04,46.37
42.681,14.87,26.08,1,0.89,3.61,25.51,10.58,15,398,13.45,106.71,32.64,34.08
8.814,41.46,17.57,0,0.384,5.16,7.19,9.72,20,472,19.42,47.81,14.27,54.39
44.251,8.53,13.44,1,0.421,4.62,46.44,7.9,9,667,19.56,92.13,24.35,44.39
42.618,99.69,21.9,1,0.411,8.06,73.54,9.25,4,581,21.29,42.56,27.45,51.39
15.596,50.22,14.86,1,0.836,4.88,61.07,2.67,18,636,15.12,328.7,16.9,50.21
39.052,59.54,26.27,1,0.693,7.73,67.61,6.04,18,578,17.77,55.59,12.34,54.43
35.871,6.71,27.07,0,0.391,8.35,9.03,4.86,5,418,15.67,298.92,36.6,48.21
55.43,75.0,12.94,1,0.564,5.6,95.2,2.03,20,686,13.05,19.17,36.69,40.98
57.162,20.99,8.67,0,0.669,8.46,84.01,6.35,23,297,23.4,379.41,11.71,49.44
4.087,89.81,17.97,0,0.35,5.26,80.7,11.13,11,267,21.48,284.46,18.75,55.88
33.721,20.51,27.41,0,0.829,8.78,82.48,1.44,5,516,15.92,2.72,37.0,51.19
56.331,19.07,6.71,1,0.782,3.54,93.34,4.21,22,215,19.79,305.54,1.18,42.88
45.287,3.65,18.88,0,0.603,7.12,54.88,3.28,4,519,14.62,205.63,16.27,51.55
77.086,47.21,19.13,0,0.88,5.96,20.83,3.62,12,324,23.57,311.75,4.72,43.11
59.286,56.48,22.13,0,0.551,5.33,62.06,10.99,2,737,13.49,209.0,19.84,43.49
14.672,6.57,4.38,1,0.89,6.8,74.55,6.15,13,644,12.05,256.41,1.91,61.03
6.36,77.55,21.62,1,0.701,7.22,74.05,6.13,10,263,18.53,314.53,16.06,56.87
57.821,45.33,27.32,0,0.681,3.03,52.62,9.37,9,260,19.58,162.04,9.17,41.2
2.396,52.44,5.8,1,0.4,4.0,7.78,2.7,10,588,19.53,1.08,20.73,54.69
52.724,44.08,7.51,1,0.829,7.28,37.74,6.36,7,296,12.71,339.98,37.85,42.68
84.621,40.08,29.16,0,0.556,7.0,92.16,5.73,4,184,16.08,152.36,30.62,37.6
51.797,55.96,5.84,0,0.397,8.8,58.86,7.57,19,458,18.49,198.42,32.29,54.5
34.941,15.52,25.7,1,0.308,7.57,54.29,12.0,10,687,14.82,3.11,24.5,53.22
57.9,18.19,15.02,0,0.636,8.7,27.62,9.46,3,163,23.34,196.84,2.54,56.69
41.248,86.18,7.79,1,0.616,7.22,37.48,5.38,21,523,13.13,394.59,8.65,54.63
49.11,94.61,26.19,1,0.732,4.79,89.64,10.1,19,706,18.34,111.31,35.23,38.82
84.732,37.33,13.64,1,0.834,3.63,66.98,2.88,21,577,20.99,158.17,14.55,32.92
34.755,27.07,15.69,1,0.348,7.69,78.95,1.34,2,382,15.4,274.88,4.83,59.46
86.508,64.4,11.1,1,0.739,6.86,45.98,3.25,20,712,20.12,325.92,26.99,39.96
81.483,40.87,17.99,1,0.412,3.29,63.39,4.74,10,589,22.78,166.96,12.08,35.5
17.629,2.54,5.32,0,0.815,5.16,25.59,6.62,2,651,14.47,123.87,10.95,51.17
6.252,15.62,12.04,0,0.791,8.74,70.84,7.77,2,424,23.92,375.13,37.93,54.68
9.079,71.6,29.1,1,0.624,6.0,43.33,11.02,24,225,19.2,270.86,32.75,48.04
1.65,65.89,8.11,1,0.726,5.6,44.81,6.61,17,588,15.89,47.61,16.09,53.85
8.509,2.71,19.87,1,0.489,5.75,65.28,6.51,16,438,17.6,27.57,37.27,47.6
61.474,22.2,10.09,0,0.583,4.25,93.69,1.55,16,689,16.06,193.42,25.05,37.9
6.416,23.11,23.32,1,0.793,5.21,7.34,1.38,14,402,21.43,88.04,28.45,50.91
28.715,67.19,4.36,0,0.576,5.22,82.65,7.06,7,275,22.35,101.59,2.17,56.68
76.04,1.97,29.11,1,0.515,3.31,29.95,5.82,21,326,22.83,351.08,5.5,38.96
2.104,10.41,13.89,1,0.597,7.61,44.95,10.23,11,186,24.81,35.83,24.42,59.21
73.304,79.99,7.46,0,0.797,5.5,3.17,2.77,24,559,22.29,286.15,34.26,35.31
25.374,17.85,2.67,0,0.501,7.93,30.8,1.27,1,276,19.82,108.46,24.08,50.83
10.644,65.27,5.51,1,0.404,8.1,50.76,5.94,11,632,16.41,304.13,5.96,62.02
62.709,23.82,15.83,1,0.727,4.27,6.56,3.61,23,317,19.08,288.96,5.28,44.44
56.609,9.94,10.44,1,0.796,6.94,49.62,1.55,21,741,12.53,2.96,32.23,44.1
78.974,24.32,24.95,0,0.36,5.83,92.78,8.97,4,443,21.68,203.65,6.15,46.81
66.159,72.23,13.21,0,0.444,8.28,11.43,2.23,7,492,17.8,55.73,20.25,48.82
72.315,85.57,7.84,0,0.385,4.29,76.68,7.69,15,459,12.26,346.49,2.37,39.64
25.39,83.02,18.71,0,0.509,7.07,41.56,4.09,18,677,12.81,348.63,3.98,56.8
15.978,39.72,21.35,0,0.57,6.65,65.86,2.91,12,689,17.04,167.34,25.88,51.06
67.558,66.81,5.43,0,0.749,4.77,26.76,5.18,17,568,19.58,177.76,26.5,37.98
72.617,20.5,5.44,1,0.691,3.82,16.79,9.82,1,593,18.03,121.31,13.63,36.77
89.146,29.31,1.58,1,0.673,6.91,16.89,5.31,11,707,20.05,286.64,8.98,46.77
37.141,89.63,22.22,0,0.511,7.43,7.98,9.26,1,385,18.24,143.46,31.11,52.19
33.488,1.3,20.08,1,0.805,4.89,19.38,2.38,15,588,20.6,107.12,9.03,52.14
69.879,8.55,14.5,1,0.583,6.87,66.76,9.5,21,363,14.85,172.89,21.06,42.13
30.679,20.79,25.4,0,0.887,5.37,88.29,3.61,10,234,13.47,36.6,36.82,42.79
83.769,2.65,24.27,1,0.68,7.28,81.6,8.45,7,234,19.75,298.64,6.47,45.15
77.259,18.14,17.77,0,0.376,4.2,68.83,7.22,2,638,18.3,5.04,35.81,33.08
38.615,58.3,26.11,0,0.706,8.34,11.93,11.22,10,214,12.35,257.79,7.77,55.65
67.581,42.14,6.57,1,0.495,4.72,29.63,5.26,24,213,16.95,73.15,22.0,41.66
67.911,89.27,3.8,0,0.712,5.21,31.67,1.73,4,492,13.38,92.96,14.95,39.82
9.29,81.74,8.46,0,0.342,3.35,25.75,1.21,12,501,18.91,254.25,36.7,39.9
81.231,34.18,2.18,0,0.405,3.67,51.99,10.1,19,307,17.15,397.18,11.12,41.64
45.478,25.94,16.17,0,0.813,6.1,54.02,6.77,11,738,19.97,311.09,15.79,48.24
74.383,37.97,28.13,0,0.436,4.61,36.33,9.53,8,640,22.47,90.34,37.37,31.12
28.811,59.03,1.66,0,0.802,8.01,36.03,3.58,18,612,15.9,70.41,20.85,53.67
80.598,26.81,4.1,0,0.468,3.09,83.03,4.8,11,374,24.51,346.49,19.6,32.23
35.034,62.41,13.84,0,0.686,5.27,79.14,1.33,11,462,18.96,177.67,10.54,49.59
0.985,40.94,28.05,1,0.716,5.02,31.47,11.58,13,615,20.04,54.82,26.95,52.29
81.485,55.2,9.83,1,0.608,3.12,91.47,8.35,3,237,20.85,344.88,1.53,39.3
8.225,43.61,15.46,1,0.483,3.75,95.33,11.27,12,452,20.67,326.44,2.83,54.97
28.745,29.45,1.73,0,0.428,5.48,33.35,3.92,3,584,18.64,393.56,23.18,48.87
85.506,94.85,4.88,0,0.32,5.96,36.09,7.73,10,284,17.57,363.9,13.64,44.26
85.555,76.36,29.61,1,0.482,5.43,51.06,8.46,17,199,12.7,340.72,36.27,29.32
51.614,14.01,28.97,1,0.692,6.19,94.17,4.49,22,581,12.29,21.03,34.42,39.87
56.869,86.85,0.65,1,0.863,6.57,87.76,10.33,2,489,16.65,41.77,27.41,40.56
40.366,48.74,28.58,0,0.823,3.06,11.15,11.42,17,496,16.34,227.59,31.27,38.09
26.396,89.46,19.35,1,0.76,5.78,39.88,10.73,16,496,17.04,212.59,25.69,46.19
29.587,79.99,26.1,1,0.773,8.78,55.78,9.13,2,394,13.8,183.19,5.65,57.9
60.53,42.52,13.91,0,0.699,6.11,50.81,4.05,22,258,21.6,158.72,29.33,41.97
67.716,2.25,15.71,1,0.456,7.07,20.19,4.1,20,682,23.14,172.48,8.78,47.4
71.244,26.87,14.92,0,0.844,4.87,86.02,11.6,6,239,24.2,227.72,12.97,39.11
71.068,54.16,20.17,0,0.702,7.64,68.02,1.11,10,445,18.4,0.83,31.31,46.75
8.218,63.35,4.62,0,0.636,7.64,83.95,8.88,10,261,21.11,104.28,20.85,59.6
44.503,25.79,1.38,1,0.367,6.13,86.02,8.77,8,738,23.12,207.31,32.82,44.32
5.19,13.94,9.58,1,0.568,8.86,75.09,7.85,1,326,17.44,288.89,8.88,65.37
49.462,83.49,21.29,0,0.576,3.75,44.48,11.89,13,492,16.02,69.66,23.49,41.37
39.743,98.44,6.45,1,0.819,3.1,61.44,4.43,24,250,24.18,218.75,4.1,45.8
79.894,52.57,20.37,1,0.628,7.62,16.88,4.74,9,550,18.7,285.78,24.79,42.65
31.589,17.17,29.11,1,0.528,7.84,67.69,1.87,22,177,18.46,177.85,29.21,52.09
10.545,27.23,3.27,1,0.886,3.72,18.75,5.87,10,686,14.32,10.83,22.64,43.01
12.878,1.84,20.34,0,0.366,4.59,69.7,3.87,15,207,13.41,179.71,10.85,50.43
68.538,91.43,13.59,1,0.554,3.11,23.73,4.78,5,647,22.95,118.58,2.16,40.3
55.643,11.78,26.11,0,0.325,4.76,12.64,10.18,22,446,19.98,371.86,5.42,46.25
9.11,57.65,5.73,0,0.744,7.64,17.36,11.29,16,283,16.24,49.85,24.03,57.52
7.579,27.41,20.93,1,0.851,6.11,1.2,3.04,13,480,14.49,260.99,35.57,49.23
63.09,55.42,25.22,0,0.468,5.09,72.16,5.1,22,398,19.22,21.09,8.64,43.63
6.558,65.14,28.37,1,0.815,5.23,73.51,11.21,20,699,19.59,178.47,28.2,49.55
73.969,82.97,20.66,1,0.475,3.01,51.98,1.68,18,224,14.69,221.59,33.06,29.6
63.565,20.64,15.17,0,0.846,4.8,16.97,2.02,11,317,23.07,119.18,20.27,43.11
7.331,1.1,18.73,0,0.752,6.88,9.27,2.79,9,652,13.1,182.03,25.76,55.02
7.645,13.69,26.13,0,0.783,8.85,2.89,7.55,16,504,16.63,65.42,31.16,54.21
88.798,90.0,17.33,0,0.311,8.08,17.41,2.66,2,374,20.84,121.65,10.64,51.33
33.691,87.39,1.4,1,0.878,3.14,89.19,11.65,2,680,15.56,248.44,11.99,41.86
33.364,59.74,27.96,1,0.736,8.39,24.91,5.91,12,295,22.76,120.72,1.02,58.37
73.154,60.05,20.84,1,0.483,7.7,36.07,6.52,8,390,21.62,359.9,36.63,45.5
85.253,66.5,20.46,0,0.798,7.68,11.43,3.71,9,493,22.26,251.36,34.95,38.37
88.74,17.54,6.86,0,0.469,5.75,23.01,6.18,12,184,13.55,175.46,29.29,36.9
67.807,91.44,19.94,0,0.824,5.39,52.4,8.28,9,150,13.83,15.5,3.93,46.08
33.87,41.88,12.12,1,0.368,4.82,61.17,9.26,10,302,15.72,199.82,17.56,47.76
7.524,38.31,19.71,0,0.722,3.39,25.29,9.29,2,578,18.74,305.91,4.77,50.78
69.945,51.89,3.64,1,0.624,4.37,6.72,7.36,16,657,21.72,106.22,1.59,42.52
50.261,4.7,19.91,0,0.358,4.48,39.71,10.95,20,275,22.87,322.71,23.8,45.44
38.186,16.63,29.98,1,0.445,5.9,24.19,9.99,7,640,21.16,100.72,36.55,44.33
81.573,73.8,1.92,1,0.307,7.48,22.74,9.33,2,631,24.07,329.5,34.41,43.15
10.017,8.28,29.33,0,0.581,5.84,96.03,1.61,1,494,21.6,34.11,26.78,51.5
44.341,60.32,12.5,0,0.481,3.35,62.01,1.08,19,370,15.98,346.47,4.58,44.22
1.032,24.53,26.19,1,0.659,8.75,56.13,3.34,4,174,15.45,199.67,11.14,62.15
42.185,38.93,23.58,1,0.478,8.66,42.16,8.3,24,677,21.05,118.62,12.84,58.27
5.077,28.87,17.23,0,0.48,7.71,43.47,5.52,22,331,14.51,106.05,29.24,60.48
10.702,35.57,22.28,0,0.746,8.95,54.55,5.43,2,648,13.21,172.8,30.68,55.53
10.586,71.9,26.42,1,0.329,6.27,69.95,10.73,14,191,18.92,399.62,15.25,58.36
58.432,29.71,12.42,0,0.842,8.78,70.51,10.85,2,630,22.68,88.13,16.46,48.36
67.147,56.64,10.15,1,0.811,3.45,18.0,11.0,15,588,13.32,41.29,2.65,39.23
52.507,47.61,20.19,1,0.701,5.19,50.51,4.45,12,551,22.29,234.01,11.7,45.99
86.596,66.37,24.33,0,0.656,4.35,41.78,8.6,5,695,22.55,195.42,17.7,31.51
33.745,93.68,22.99,0,0.835,4.17,87.18,3.99,20,494,18.27,209.68,5.33,47.87
25.721,73.26,24.04,0,0.411,3.84,63.51,3.1,7,194,12.75,266.77,17.77,45.4
78.175,21.49,13.35,0,0.347,6.73,53.72,3.03,24,170,14.27,106.86,32.57,40.89
20.131,3.12,24.63,0,0.444,7.69,12.42,4.76,21,219,21.2,364.27,22.51,55.89
86.69,26.23,4.05,1,0.777,6.47,60.96,5.73,10,197,21.25,174.27,3.92,45.65
1.104,59.51,16.56,1,0.321,3.88,12.6,10.14,14,640,23.68,51.63,8.09,54.89
87.289,5.14,0.67,0,0.65,7.87,34.38,2.32,14,700,19.57,296.92,18.56,40.67
3.894,49.64,10.08,0,0.897,6.82,15.14,9.08,5,436,13.61,257.24,14.38,54.5
80.204,59.68,11.31,0,0.813,5.33,69.52,6.85,18,159,13.58,126.3,14.27,35.12
47.498,33.42,12.19,1,0.613,7.04,21.42,4.17,24,691,21.37,248.61,20.58,50.13
89.367,77.09,21.02,0,0.338,4.56,39.79,6.42,14,423,14.39,87.94,22.62,40.17
6.651,10.66,11.96,0,0.799,5.07,89.67,4.3,2,749,16.27,177.94,30.48,49.08
49.851,7.51,13.74,1,0.659,8.5,21.23,7.56,12,530,18.33,359.77,13.62,57.24
87.238,72.82,7.51,1,0.369,4.74,51.27,5.77,22,478,12.32,53.41,30.8,35.58
47.084,49.55,11.51,0,0.356,5.82,42.51,2.81,24,628,15.23,154.68,13.53,48.26
56.65,68.84,7.2,0,0.846,8.34,2.79,2.28,6,164,17.3,328.46,3.05,56.91
62.62,43.48,2.66,0,0.702,7.25,79.48,7.01,4,665,15.64,387.8,21.5,44.68
40.914,24.64,18.3,1,0.798,3.37,7.84,10.93,13,340,13.77,181.57,22.75,38.51
56.484,81.91,20.21,0,0.827,3.88,47.95,4.78,4,317,21.46,202.8,35.58,33.18
52.592,79.94,18.77,0,0.643,3.05,56.51,9.06,22,670,22.57,228.87,27.86,35.21
81.105,69.47,14.17,0,0.61,6.79,63.21,8.25,14,286,15.35,372.94,34.96,38.54
4.1,27.21,11.7,1,0.558,5.69,69.17,11.25,16,303,22.07,343.28,34.61,48.89
25.294,59.02,25.97,1,0.49,3.81,26.07,10.03,4,537,17.01,68.24,23.37,46.78
85.538,36.1,15.81,0,0.561,8.75,1.99,7.23,24,358,18.59,174.7,20.53,47.55
80.125,9.16,14.64,0,0.764,6.18,72.62,8.23,1,421,23.13,185.6,21.63,39.8
41.015,91.73,1.26,1,0.661,4.45,54.03,10.88,13,292,21.75,315.64,37.2,42.34
55.816,13.68,10.57,1,0.836,6.0,83.78,5.39,4,218,22.47,241.16,29.61,43.35
24.972,95.02,11.72,1,0.566,7.08,82.32,4.59,20,396,13.78,261.69,4.93,60.54
16.939,44.6,12.27,1,0.664,3.46,84.49,1.12,18,410,12.91,399.28,29.8,43.13
41.738,18.51,17.62,1,0.679,4.65,49.02,10.09,6,228,23.61,29.98,7.31,48.39
31.808,54.19,16.24,1,0.655,7.84,34.03,9.81,3,674,17.04,89.2,17.55,55.75
52.533,87.29,18.43,1,0.722,5.76,79.36,2.15,23,479,15.74,163.16,8.79,47.67
7.005,73.22,23.06,1,0.442,6.28,45.68,7.35,13,338,21.42,139.11,26.51,53.38
87.696,80.66,24.48,1,0.607,5.6,19.16,6.1,16,244,22.87,8.66,33.46,28.58
88.759,65.88,21.68,0,0.363,3.26,85.64,2.31,5,157,23.21,36.71,11.74,36.5
62.838,69.23,28.69,0,0.531,3.99,88.37,11.79,4,216,16.11,272.38,4.03,45.63
48.253,84.92,1.04,0,0.593,5.67,47.16,3.36,21,645,23.08,351.73,12.04,45.63
27.864,24.97,6.28,1,0.691,4.26,8.49,1.74,8,340,12.53,205.69,25.88,45.07
73.243,48.94,0.72,0,0.87,3.3,39.39,7.54,19,515,12.65,215.68,13.16,34.12
61.629,22.12,19.6,1,0.66,8.06,80.55,9.13,14,670,20.11,102.04,11.29,50.4
14.644,98.77,26.99,1,0.746,8.89,90.28,1.36,7,266,12.82,307.15,7.82,65.84
